Data_Hora,IdTweet,Tweet,Candidato
2022-07-31 22:00:15+00:00,1553863135819431936,@alexandrekalil @LulaOficial Pior de todos os tempos!,Lula
2022-07-31 22:00:14+00:00,1553863132363243523,@JanainaDoBrasil Lula ser√° presidente M√°rcio Fran√ßa ser√° senador e vc n√£o ser√° mais nada junto com. Sua direta maldita,Lula
2022-07-31 22:00:13+00:00,1553863127997071360,"Votarei no @ColetivoGuarnic para deputado estadual.
E vou votar tamb√©m em @LulaOficial presidente, @FlavioDino senador, @CarlosBrandaoMA governador, @FelipeCCamarao vice governador e @MarcioJerry deputado federal.
Esse √© meu time. https://t.co/XPssosTjxi",Lula
2022-07-31 22:00:13+00:00,1553863126575087617,"Lula fracassa como cabo eleitoral em estados-chave https://t.co/UjvIeZHu5P via @YouTube TEM QUE SER BOLSONARO SEN√ÉO ESTAMOS FERRADOS COM A DITADURA QUE ELE J√Å FALOU EM ALGUNS DISCURSOS ANTERIORES,PENSEM COM CONSCI√äNCIA E PAIS QUE TEM FILHOS DE 16 ANOS ,SE QUISEREM TIRAR O T√çTULO",Lula
2022-07-31 22:00:12+00:00,1553863122645295104,@JornalOGlobo Ele recobrou o ju√≠zo.  Afinal ele trabalhou com o Lula.,Lula
2022-07-31 22:00:12+00:00,1553863121344806914,@LaManchaES @LulaOficial Pior q lixo basculho,Lula
2022-07-31 22:00:11+00:00,1553863120539598853,Lula 13. https://t.co/hW4nJK9Go1,Lula
2022-07-31 22:00:11+00:00,1553863118840897536,"@Fabiopf08Fabio √â melhor ir logo desocupando o gabinete, pq LULA vai ser eleito no primeiro turno üôèüôå‚ù§Ô∏è TIC TAC ‚åöüï∞Ô∏è",Lula
2022-07-31 22:00:09+00:00,1553863109877665794,"Veja o que Lula diz em sua conta no Twitter LulaOficial

E dados estat√≠sticos dos dos √∫ltimos 7 dias:
Seguidores:3.937.028
Publica√ß√µes: 100
Total de likes: 1.104.795
Total de retweets: 127.614

 #LulaPresidente2022 https://t.co/5US3iYfRGl",Lula
2022-07-31 22:00:09+00:00,1553863108166295552,@UOLNoticias @LulaOficial https://t.co/6ceLtY6uBK,Lula
2022-07-31 22:00:06+00:00,1553863096443322368,"@Adriana_Bueno @LulaOficial Representa a fome que elas v√£o passar se ele entrar, n√©? Ou vc √© corrupta e vai participar dos roubos que essa quadrilha chamada PT vai cometer se voltar ao poder?",Lula
2022-07-31 22:00:05+00:00,1553863092433752064,"@LulaOficial @ricardostuckert #foralula #forapt #LulaNuncaMais 
#capitaodopovo 
#BolsonaroReeleito2022",Lula
2022-07-31 22:00:05+00:00,1553863092022480897,"@brennocorrea O maior corrupto do Cear√° falando em conchavos, o cara que aceitou ser Ministro do lar√°pio e depois dos esc√¢ndalos de corrup√ß√£o do governo Lula, nunca deixou de apoiar o nine...",Lula
2022-07-31 22:00:05+00:00,1553863091632443393,"@rosangelamorosp Vc e seu marido, o Marreco de Marig√°, t√™m obsess√£o por Lula!
O tratamento para o casal √© urgente, incluindo prestar contas √† justi√ßa por tudo que vcs fizeram contra o ex-presidente Lula e o PT!
O casal ser contra Lula e o PT, significa mesmo o qu√™?",Lula
2022-07-31 22:00:04+00:00,1553863087987515392,@LulaOficial https://t.co/u8KIItDwUe,Lula
2022-07-31 22:00:03+00:00,1553863083851915265,"@alexandrekalil @LulaOficial A sobreviv√™ncia do pa√≠s n√£o, seja honesto, √© a sobreviv√™ncia dos desmandos, o desespero est√° grande, √© mi mi mi pra todos os lados. Mas vou lhe dar um  conselho. √â melhor JAIR se acostumando. https://t.co/SJVfZOpMOX",Lula
2022-07-31 22:00:02+00:00,1553863082509746177,"@AndresFGuevaraB Galeano y Mujica le corren al rojo , Lula lo medita; que quedara para estos rojos que ni siquiera tiraron una piedra por la revolucion ,se entregan por el cochino dolar que tanto denostaron.",Lula
2022-07-31 22:00:02+00:00,1553863081813590017,@JoaoEnsina @ThiagoResiste @LulaOficial https://t.co/PgUw9x6voq,Lula
2022-07-31 22:00:02+00:00,1553863078915330048,"@carlinha @LulaOficial Mulher t√° demais mermo. Laranjeiraaaas 
Satisfeito sorri, quando chego ali‚Ä¶",Lula
2022-07-31 22:00:01+00:00,1553863078223220736,"@alertatotal @LulaOficial @jairbolsonaro @cirogomes J√° vi analista ruim, mas tu t√° de parab√©ns",Lula
2022-07-31 22:00:01+00:00,1553863077505875968,"Tinha tamb√©m um tipo de lula, carac√≥is e outros animais marinhos. Esp√©cies de at√© 183 milh√µes de anos. 

https://t.co/OTYYUZP7BA",Lula
2022-07-31 22:00:01+00:00,1553863077300404226,"@edomilsonpapo10 Lula √© pior, pq pensa igual, mas tem controle verbal e gestual perante o p√∫blico. Psicopata mais refinado.",Lula
2022-07-31 22:00:01+00:00,1553863076805455872,"üìù üó£Ô∏è Em artigo para o Reconta A√≠, @Maufalavigna escreve que Bolsonaro - atual candidato √† reelei√ß√£o - n√£o enfrentar√° uma elei√ß√£o sem a supress√£o do nome de Lula das c√©dulas.

Leia: ‚è¨ https://t.co/4S5GI2wcku",Lula
2022-07-31 22:00:01+00:00,1553863076256120840,@BiraFB @salseira @LulaOficial DILMA CAIU POR MENOS,Lula
2022-07-31 22:00:00+00:00,1553863072023986176,@alexandrekalil @LulaOficial O lalau do pcc te roubou @alexandrekalil,Lula
2022-07-31 21:59:59+00:00,1553863068970524681,"@LulaOficial Que vagabundo mentiroso.
S√≥ vai em ambiente controlado com alguns gatos pingados. 
#capitaodopovo https://t.co/upA6M8xC4v",Lula
2022-07-31 21:59:58+00:00,1553863065740910594,"@LulaOficial Sim construiremos paredes e poremos grades p q possamos manter presos ou prender todos os pol√≠ticos q surrupiaram a na√ß√£o, foram desmandos, autoritarismos e corrup√ß√µes descaradas em qs 20anos de presidentes q s√≥ se sucederam na destrui√ß√£o do pa√≠s.
#anulal√° #nuloj√°",Lula
2022-07-31 21:59:58+00:00,1553863063593517056,@raseng_a @WDordet Pensa mas n√£o demora muito. Tu √© engenheiro pesquisa fatos e dados!!! Tenho certeza que √© pela industrializa√ß√£o e desenvolvimento do pa√≠s! Essas s√£o as bases do projeto do Ciro! Precisamos de ajuda pra bater o Lula no 2 turno!,Lula
2022-07-31 21:59:57+00:00,1553863058484862976,@DeputadoFederal @LulaOficial Cadeia nele https://t.co/96ZCqajRfE,Lula
2022-07-31 21:59:55+00:00,1553863052570787841,"@LulaOficial Na fila da cara de pau, o Lula n√£o deixou ningu√©m entrar , s√≥ ele, fominha.",Lula
2022-07-31 21:59:54+00:00,1553863046552059904,"ü§©63 DIASü§© 
@LulaOficial 
#LulaNo1¬∫Turno https://t.co/NKyBROv31U",Lula
2022-07-31 21:59:53+00:00,1553863041959297027,@LulaOficial de volta para roubar,Lula
2022-07-31 21:59:52+00:00,1553863039316795392,@CarmenaleSilva @Nilsonhandebol @LulaOficial @ptbrasil @la_verah,Lula
2022-07-31 21:59:52+00:00,1553863037567881216,"@PedroRonchi2 Odeio o Bozo, mas antes de falar dos outros, veja o que o Lula aprontou j√°...Foi t√≥xico com a esposa, tinha amante...√© realmente a hipocrisia impera...",Lula
2022-07-31 21:59:51+00:00,1553863034564743168,@LulaOficial Sempre em ambientes fechados. Tem medo do povo,Lula
2022-07-31 21:59:51+00:00,1553863034489212928,@LulaOficial @gioewbank @brunogagliasso Como √© f√°cil escolher um lado!!!! https://t.co/X5DpMSJp29,Lula
2022-07-31 21:59:49+00:00,1553863025656041473,@LulaOficial https://t.co/QwlcYj415x,Lula
2022-07-31 21:59:48+00:00,1553863022099431424,@LulaOficial @ricardostuckert Vc quer dizer sua conta banc√°ria n√©....n√£o conte com minha ajuda e milh√µes de brasileiros que descobriram suas mentiras e como Sr destru√≠ nosso pa√≠s .. mandando nossos dinheiro suado pelo impostos que pagamos....para os pa√≠ses esquerda/comunista que Sr √© seu partido bancavam...,Lula
2022-07-31 21:59:48+00:00,1553863020421447682,"@pauloeneas ""Quem primeiro"" essa fala tem ar de imaturidade √© o mesmo de dizer que um erro justifica o outro. Sinceramente voc√™ deveria sair do arm√°rio e falar abertamente que n√£o se importa se Lula ganhar nesse momento como isent√£o s√≥ ajudar√° o lado esquerdo.",Lula
2022-07-31 21:59:47+00:00,1553863019456765954,@guimaraes13PT @OAmorTriunfou @LulaOficial Um √≠cone Nacional!!!,Lula
2022-07-31 21:59:47+00:00,1553863018131476481,@LulaOficial @dilmabr Mentiroso √â VC.. nunca tiveram a inten√ß√£o de terminar,Lula
2022-07-31 21:59:47+00:00,1553863017179365382,"@rennatodutra Tem que encher de petistas no Congresso e nos governos estaduais tamb√©m. Lula n√£o pode governar sozinho. Al√©m do mais, acho justo todo esse congresso que n√£o foi capaz de abrir impeachment contra um presidente que comete crimes diariamente, caia fora e n√£o fique um.",Lula
2022-07-31 21:59:47+00:00,1553863015988068352,@casemiro_dr Jair j√° votou no Lula ü§£ https://t.co/jUKPjDSBrc,Lula
2022-07-31 21:59:46+00:00,1553863014553686016,"@BiraFB @salseira @LulaOficial Kkkkk 2014 eu tava era bem demais. Saudades dos tempos do pt, era feliz e n√£o sabia kkkkkk",Lula
2022-07-31 21:59:46+00:00,1553863012796301312,"@LulaOficial @gioewbank @brunogagliasso Sim!! Mas
, primeiro, vamos terminar esta meta, que √© um Pa√≠s sem corrup√ß√£o.

Ou seja...

Vc n√£o serve, Lula!",Lula
2022-07-31 21:59:44+00:00,1553863006764900353,@OlavoDiCarvalho @Nilsonhandebol @LulaOficial üö©üöÄ,Lula
2022-07-31 21:59:44+00:00,1553863006110482437,@LulaOficial https://t.co/Wv1lp8iopO,Lula
2022-07-31 21:59:42+00:00,1553862997172535299,@AdePersonal1504 @hirlandia @jairbolsonaro A pronto agora eu sou lula pq n√£o gosto do Bolsonaro kkkkkkkk,Lula
2022-07-31 21:59:42+00:00,1553862995213795329,@vtrzinXx @Melacoh @LulaOficial Conversa fiada!,Lula
2022-07-31 21:59:41+00:00,1553862991682183169,"Lula presta solidariedade a Ewbank, Gagliasso e filhos: ""Vamos construir um mundo sem racismo"" https://t.co/BA2SbKf7W4",Lula
2022-07-31 21:59:40+00:00,1553862988741939200,"@guimaraes13PT Isso era ha 12 anos atras.
Ha 12anos atras os USA tinham inflacao quase 0.
Hoje √© altissima pros padroes Americanos.
Na epoca de Lula que fez um bom1o governo, nao tinha Pandemia Covid19 nem Guerra da Ucrania com a Russia.
Por isso nao podemos comparar.",Lula
2022-07-31 22:00:17+00:00,1553863142639370240,"@jairbolsonaro Estou precisando de fog√£o e geladeira.maqyina de lavar nem pensar n√©,? A vida do pobre √© muito dif√≠cil gente .o presidente tentaa .e a gente ? Consegue? N√£o conseguimos nem comer dira eletro dom√©sticos...üò∞üò¢",Bolsonaro
2022-07-31 22:00:16+00:00,1553863139795603457,"Vc sabia? Bolsonaro sobre aux√≠lio emergencial: 'Pede para o governador' 
 https://t.co/at9EpeB8sb",Bolsonaro
2022-07-31 22:00:16+00:00,1553863139787214848,"Vc sabia? Governo Bolsonaro come√ßou com um esc√¢ndalo a cada tr√™s dias: Onyx, ex-mulher, ministros que tinham supersal√°rios, a√ßa√≠, ministra JBS... 
 https://t.co/UGdPV36XDp",Bolsonaro
2022-07-31 22:00:16+00:00,1553863137593532427,"Vc sabia? A comitiva presidencial de Jair Bolsonaro levou coca√≠na pra Europa 
 https://t.co/uYJT6365O2",Bolsonaro
2022-07-31 22:00:16+00:00,1553863137585233920,"Vc sabia? Flerte com o comunismo, diz conselheiro da Petrobras sobre Bolsonaro 
 https://t.co/p64X5BQXz6",Bolsonaro
2022-07-31 22:00:15+00:00,1553863137182597124,@mellojessica12 @tarcisiogdf @jairbolsonaro Bel√≠ssima,Bolsonaro
2022-07-31 22:00:15+00:00,1553863136389783552,"Veja o que Jair M. Bolsonaro diz em sua conta no Twitter jairbolsonaro

E dados estat√≠sticos dos dos √∫ltimos 7 dias:
Seguidores:8.514.403
Publica√ß√µes: 56
Total de likes: 1.523.834
Total de retweets: 304.902

 #BolsonaroPresidenteAte2026 https://t.co/d33lqDO6RL",Bolsonaro
2022-07-31 22:00:15+00:00,1553863134577922048,"@bolsonaro_1986 MPF,CORRE AQUI üòÇüòÇüòÇüòÇüòÇ",Bolsonaro
2022-07-31 22:00:13+00:00,1553863126575087617,"Lula fracassa como cabo eleitoral em estados-chave https://t.co/UjvIeZHu5P via @YouTube TEM QUE SER BOLSONARO SEN√ÉO ESTAMOS FERRADOS COM A DITADURA QUE ELE J√Å FALOU EM ALGUNS DISCURSOS ANTERIORES,PENSEM COM CONSCI√äNCIA E PAIS QUE TEM FILHOS DE 16 ANOS ,SE QUISEREM TIRAR O T√çTULO",Bolsonaro
2022-07-31 22:00:11+00:00,1553863120556359681,"@jairbolsonaro Confian√ßa √© igual Vidro, quebrou n√£o remenda mais!!",Bolsonaro
2022-07-31 22:00:10+00:00,1553863115095347201,"@annya_bolsonaro Kkkkkkkkkk pelo jeito a v√©ia tem dinheiro ou √© retardada nivel hard, mas mandei pro zap pra verificar a veracidade",Bolsonaro
2022-07-31 22:00:09+00:00,1553863109466628096,Por isso todo pa√≠s quer um Bolsonaro pra chamar de seu.. https://t.co/9jYYPt1g20,Bolsonaro
2022-07-31 22:00:09+00:00,1553863108904599555,Desistiu de passar vergonha! Mais um tra√≠ra que fez fama agarrado ao nosso PR @jairbolsonaro‚Ä¶ https://t.co/0y8miYCQcp,Bolsonaro
2022-07-31 22:00:08+00:00,1553863107797307400,Se √© pro Roberto Jefferson ent√£o que Bolsonaro saia da elei√ß√£o pq ele sabe o que fazer.,Bolsonaro
2022-07-31 22:00:07+00:00,1553863100306268161,@SF_Moro ü§£ü§£ü§£ü§£ usando fala do Bolsonaro...al√©m de tra√≠ra √© sem criatividade.,Bolsonaro
2022-07-31 22:00:05+00:00,1553863093549162498,@FlavioBolsonaro @jairbolsonaro üáßüá∑üÜôBrazil,Bolsonaro
2022-07-31 22:00:04+00:00,1553863087928885248,@Estadao Qual candidato que n√£o quer estar do lado do Bolsonaro se bobear at√© esquerdalhas querem kkk pr√≥ximo assunto.....,Bolsonaro
2022-07-31 22:00:02+00:00,1553863080983003139,Bolsonaro est√° certo da sua derrota,Bolsonaro
2022-07-31 22:00:02+00:00,1553863079473172486,"V√çDEO 2,""""ACORDA BRASIL"""", ACORDA BRASIL, ACORDA BRASIL ENQUANTO AINDA H√Å TEMPO, BOLSONARO PRESIDENTE AT√â 2026 ELEITO NO PRIMEIRO TURNO DAS ELEI√á√ïES PRESIDENCIAIS, BRASIL ACIMA DE TUDO, DEUS ACIMA DE TODOS üáßüá∑ üáßüá∑ üáßüá∑ üáßüá∑ üáßüá∑ üáßüá∑ üáßüá∑ üáßüá∑ üáßüá∑ üáßüá∑ üáßüá∑ üáßüá∑ üáßüá∑ üáßüá∑ üáßüá∑ üáßüá∑ üáßüá∑ üáßüá∑ üáßüá∑ üáßüá∑ üáßüá∑ üáßüá∑ üáßüá∑ üáßüá∑ üáßüá∑ https://t.co/IzZtndLnNY",Bolsonaro
2022-07-31 22:00:01+00:00,1553863078223220736,"@alertatotal @LulaOficial @jairbolsonaro @cirogomes J√° vi analista ruim, mas tu t√° de parab√©ns",Bolsonaro
2022-07-31 22:00:01+00:00,1553863076805455872,"üìù üó£Ô∏è Em artigo para o Reconta A√≠, @Maufalavigna escreve que Bolsonaro - atual candidato √† reelei√ß√£o - n√£o enfrentar√° uma elei√ß√£o sem a supress√£o do nome de Lula das c√©dulas.

Leia: ‚è¨ https://t.co/4S5GI2wcku",Bolsonaro
2022-07-31 22:00:00+00:00,1553863074368602113,CONVEN√á√ÉO DE APOIADORES DO CAPIT√ÉO DO POVO JAIR BOLSONARO NO NORDESTE - ... https://t.co/6VZgECBfSZ via @YouTube,Bolsonaro
2022-07-31 22:00:00+00:00,1553863072963407872,"‚õîÔ∏è Ao facilitar compra de armas, Bolsonaro vira s√≥cio do crime organizado.

‚ùå PCC utiliza libera√ß√£o para compra de armamento por meio do chamado CACs, que abrange colecionadores, atiradores ou ca√ßadores, para armar criminosos.

üì≤ Confira: https://t.co/aXnxxmxyXy",Bolsonaro
2022-07-31 22:00:00+00:00,1553863071763931139,"@ClaraFernanndez Acho √≥timo, desde que ele abra m√£o da candidatura antes do primeiro turno  favor do Bolsonaro.",Bolsonaro
2022-07-31 21:59:59+00:00,1553863067477442563,#CapitaoNoPrimeiroTurno Foguete n√£o tem r√©!!! @jairbolsonaro,Bolsonaro
2022-07-31 21:59:56+00:00,1553863057494970369,@jairbolsonaro https://t.co/ayQvo0kXmP,Bolsonaro
2022-07-31 21:59:56+00:00,1553863053757874177,@TradutordoBR @jairbolsonaro,Bolsonaro
2022-07-31 21:59:55+00:00,1553863050775732224,"@jairbolsonaro O medo de n√£o ser reeleito √© grande, se n√£o tava mandando um foda-se pro povo. Mas n√£o se preocupe ir√° perder e a cadeia te espera.",Bolsonaro
2022-07-31 21:59:54+00:00,1553863046191251459,@jairbolsonaro Lembran√ßas! https://t.co/RzSWRGdpFn,Bolsonaro
2022-07-31 21:59:54+00:00,1553863045180522496,"@EduardoDeCostas @BolsonaroSP Mas ele n√£o tem mesmo! Controle direto do Estado no pre√ßo dos combust√≠veis √© igual a Argentina hoje (vai pra l√° qq coisa). Bolsonaro conseguiu a redu√ß√£o por mail indireto, s√≥ se informar.",Bolsonaro
2022-07-31 21:59:53+00:00,1553863044475805697,Brazilian President Jair Bolsonaro made some of his most menacing comments yet about the potential for chaos and even mass violence if he were to lose reelection later this year. https://t.co/IJLd0SH3Ol,Bolsonaro
2022-07-31 21:59:53+00:00,1553863041766268931,"Motociata de Bolsonaro que ocorreu hoje em Londres 

Show!!
#BolsonaroNoPrimeiroTurno 
#capitaodopovo üáßüá∑üáßüá∑üáßüá∑ https://t.co/6ZEG1q8sQa",Bolsonaro
2022-07-31 21:59:53+00:00,1553863041082597385,"@Mclarenmp4aaa @carlos_soba @bibonunes1 1o Turno #PrefiroCiro, em caso de 2o Turno, votarei contra Bolsonaro.",Bolsonaro
2022-07-31 21:59:52+00:00,1553863040319234051,@FlavioBolsonaro @jairbolsonaro https://t.co/MXtTj9Y9uG,Bolsonaro
2022-07-31 21:59:48+00:00,1553863022745210880,L√©o Santana √© pro Bolsonaro?,Bolsonaro
2022-07-31 21:59:48+00:00,1553863020287348736,"@_FridaFeminista Assino em baixo, defendendo bolsonaro genocida na cadeia.",Bolsonaro
2022-07-31 21:59:44+00:00,1553863004642476033,"@FaisirN Isto n√£o passa de um movimento for√ßado, a espontaneidade passa longe deste pessoal, os l√≠deres est√£o implorando, gastando centenas de quilos de mortadela, p√£o üçû e mais trint√£o e nem os gritos da plebe convencem a eles mesmos. Bolsonaro Reeleito Represidente em janeiro de 2023.",Bolsonaro
2022-07-31 21:59:43+00:00,1553862999185793028,@JosuePatriota Exatamente! Bolsonaro est√° na frente! E os lulistas nem querem ser assumidos como petistas! Que vergonha! ü§¶‚Äç‚ôÄÔ∏èü§¶üèø‚Äç‚ôÇÔ∏è,Bolsonaro
2022-07-31 21:59:42+00:00,1553862997990326275,"@hoje_no N√£o se preocupem. Se tiver uma guerra entre Kosovo x Servia, o Bolsonaro liga l√° e resolve o problema, assim como ele resolveu na Ucr√¢nia. Deixem de alarmismo, t√° tudo sobre controle.",Bolsonaro
2022-07-31 21:59:42+00:00,1553862997805654017,"Volunteer Fire Brigades Are Resisting Bolsonaro's Ecological Assault on Brazil: Truthout https://t.co/qhLskjJhIs 

MORE w/ EcoSearch: https://t.co/q2QUhXBGQn",Bolsonaro
2022-07-31 21:59:42+00:00,1553862997172535299,@AdePersonal1504 @hirlandia @jairbolsonaro A pronto agora eu sou lula pq n√£o gosto do Bolsonaro kkkkkkkk,Bolsonaro
2022-07-31 21:59:42+00:00,1553862995977060352,"@GugaNoblat Somos gado do Bolsonaro, mesmo! 
Gado tem mt serventia, j√° jumento q nem vc s√≥ serve pra puxar carro√ßa ou carregar algu√©m no lombo.",Bolsonaro
2022-07-31 21:59:40+00:00,1553862989085810688,@jairbolsonaro Tamujuntos üòéüî∞üáßüá∑üôè‚ô•Ô∏è‚úçÔ∏è https://t.co/cg9LhjgmCN,Bolsonaro
2022-07-31 21:59:39+00:00,1553862983905951747,"@penteado_c @equibrio @jairbolsonaro Cara,n√£o discuti com quem usa tornozeleira eletr√¥nica...",Bolsonaro
2022-07-31 21:59:39+00:00,1553862983188709378,"@deltanmd O fim da reelei√ß√£o faria uma faxina na pol√≠tica brasileira,a bandalheira da reelei√ß√£o presidencial foi por obra e gra√ßa do FHC,para manter-se no poder,comprou todos os picaretas,o Meliante M'or assim o fez,bem como faz Bolsonaro.Pior que s√£o os mesmos picaretas que se vendem !",Bolsonaro
2022-07-31 21:59:39+00:00,1553862983004168192,"Hoje, 31/07/22, na festa da cidade de Alfredo Chaves o governador Casagrande  e a sua vice foram convidados para virar as panelas de doce de leite. Al√©m das vaias na hora que chegaram o povo come√ßou a gritar Bolsonaro! Ele ficou dando um sorrisinho sem gra√ßa! https://t.co/P2pcppFKpo",Bolsonaro
2022-07-31 21:59:35+00:00,1553862968739352579,@camilamoreno13_ Sim vamos derrotar os corruptos e mandar pra casa do karaio esses bandidos que acabaram com nosso pa√≠s. Vamos reeleger @jairbolsonaro,Bolsonaro
2022-07-31 21:59:34+00:00,1553862964226162694,"RT @joao_jb22: De verdade, Bolsonaro deve ter hj 60% dos votos!

Mas a imprensa, √áTF/T√á3, a elite bilion√°ria e td o establishment podre est√£o usando a estrat√©gia NAZISTA pra tentar vencer as elei√ß√µes!

Somos maioria mas temos que lutar p/ vencer! Mostrem‚Ä¶ https://t.co/afwZednz66",Bolsonaro
2022-07-31 21:59:33+00:00,1553862960862445569,"@TerraBrasilnot Vontade de cassar o presidente Bolsonaro n√£o falta... Mas tem um problema, o povo nao deixa. üáßüá∑üòÇ",Bolsonaro
2022-07-31 21:59:33+00:00,1553862958907801607,@Theappr53235130 @tat_oz @JoaoNorbertoG1 @irenefreitas57 @jairbolsonaro BOLSONARISTA.,Bolsonaro
2022-07-31 21:59:31+00:00,1553862950384975875,@revistaoeste Golpe armado para ter apoio dos Estados no golpe certo que o STF dar√° no Bolsonaro.,Bolsonaro
2022-07-31 22:00:11+00:00,1553863117423132673,"@todoscomciro @CiroProg  Espetacular, Genial, Atordoante e muito extraordin√°ria a capacidade intelectual de Ciro Gomes, mesmo diante de entrevistadores mal intencionados ou aqu√©m da riqueza dos esclarecimentos concedidos. Parab√©ns por mais um show de verdades @cirogomes!",Ciro Gomes
2022-07-31 22:00:01+00:00,1553863078223220736,"@alertatotal @LulaOficial @jairbolsonaro @cirogomes J√° vi analista ruim, mas tu t√° de parab√©ns",Ciro Gomes
2022-07-31 21:59:48+00:00,1553863020681609217,"E eu que meti um #PrefiroCiro na conven√ß√£o.
Sou oficialmente candidato a deputado Estadual por Pernambuco. Vamos simbora eleger Ciro Gomes Presidente. https://t.co/WJh3HtkBY3",Ciro Gomes
2022-07-31 21:59:36+00:00,1553862971612434437,"@heytauat @cirogomes @CartunistaT Tchau querida foi a melhor kkkkkk

ü§≠üòÇü§£üòÇü§≠",Ciro Gomes
2022-07-31 21:59:34+00:00,1553862961994809345,@cirogomes Vendilh√£o n√£o ganhou n√©? Ainda bem!,Ciro Gomes
2022-07-31 21:59:22+00:00,1553862913886126087,@Vana_FN @itjoelrs @cirogomes @CartunistaT E quem nunca foi e nunca ser√° presidente.kkkk,Ciro Gomes
2022-07-31 21:59:18+00:00,1553862895573909504,"@AyrtonO12824125 @cirogomes Seria uma Katia Abreu vers√£o 22?
üëÄüëÄüëÄüëÄ",Ciro Gomes
2022-07-31 21:59:09+00:00,1553862860387794945,"@cirogomes Tenho certeza que de la do ceu Dona Maria esta muito orgulhosa deste filho dela, um homem integro, inteligente, de principios, que ela soube educar e orientar tao bem. ‚ù§Ô∏èüåπ
De la de cima ela esta te aben√ßoando, meu presidente. üôèü•∞",Ciro Gomes
2022-07-31 21:59:07+00:00,1553862851747536898,@BelemJameson Ciro Gomes est√° com A√©cio e pediu alian√ßa com os partidos citados. Muita incoer√™ncia....,Ciro Gomes
2022-07-31 21:59:06+00:00,1553862847020601347,@cirogomes @CartunistaT Perfeito ü§£ü§£ü§£,Ciro Gomes
2022-07-31 21:59:04+00:00,1553862837331714048,"@EvaLopesdaSilv4 @Vana_FN @itjoelrs @cirogomes @CartunistaT e o q o ciro fez, eva? o q? refor√ßou o antipetismo. que l√≥gica √© essa?",Ciro Gomes
2022-07-31 21:59:00+00:00,1553862819254341632,@marivalentimdf @cirogomes Vai ser do PSDB de S√£o Paulo,Ciro Gomes
2022-07-31 21:58:58+00:00,1553862812535062531,"@cirogomes @CartunistaT Puta que pariu bicho! Que merda √© essa! Toma no cu, cifude com essa merda bicho, que lixo cara, que decep√ß√£o, j√° tava uma bosta essa campanha, agora jogou a p√° de cal  nessa caralha de campanha. Vai pra Fran√ßa irm√£o!",Ciro Gomes
2022-07-31 21:58:57+00:00,1553862806184894466,"@carmelonetobr @jairbolsonaro Vc j√° sabe q √± vai se eleger, n√©??
Pq no CE: ou √© ligado ao candidato Ciro Gomes ou √© ligado ao candidato ao Lula/PT ou √†s Esquerdas
Como vc n√£o √© ligado a nenhum deles, provavelmente n√£o se elege deputado
E provavelmente tb n√£o se reeleger√° em 2024
Se assim for, melhor p/o Cear√°",Ciro Gomes
2022-07-31 21:58:51+00:00,1553862783795662848,"@MarxSimpsons @cirogomes Um bom governo depende de muitos fatores ,como a situa√ß√£o externa, os resultados do governo anterior, Lula teve sorte de ter tudo isso, as commodities, a lei de responsabilidade fiscal ,projetos como o Bolsa escola e o FIES,  tudo isso ajudou muito Lula a ter bons resultados.",Ciro Gomes
2022-07-31 21:58:45+00:00,1553862757023469575,@cirogomes @CartunistaT Que rid√≠culo. Pelo menos vc est√° igual ao desenho. Horr√≠vel!kkkkk,Ciro Gomes
2022-07-31 21:58:39+00:00,1553862734097399808,@danthecandido @parox40 @cirogomes Mas discorda do qu√™ dessa corrente politica? Vai votar no capit√£o?,Ciro Gomes
2022-07-31 21:58:33+00:00,1553862705735471107,"@EliasAllif @cirogomes As √∫nicas conquistas capitalistas foram a desigualdade social, o ac√∫mulo de renda e a opress√£o ao trabalhador. Quem separa produ√ß√£o e consumo s√£o os liberais.",Ciro Gomes
2022-07-31 21:58:29+00:00,1553862692192092161,Ihhhh! @cirogomes kkkkkkk https://t.co/DVEgbeKyyJ,Ciro Gomes
2022-07-31 21:58:09+00:00,1553862606015942664,"@faornelas @Mindful2022 @hugossouto @cirogomes @CartunistaT que obrigar o lula, cara? que poder vc acha q eu tenho? cresce, f√°bio",Ciro Gomes
2022-07-31 21:58:00+00:00,1553862567973486592,"@cirogomes @CartunistaT Fiquei com vergonha desse v√≠deo kkkk, a que ponto o Ciro Gomes chegouüòÇüòÇüòÇüòÇüòÇ!",Ciro Gomes
2022-07-31 21:57:56+00:00,1553862551997382662,"@ThaisRMaschio Meu voto sempre foi do Ciro Gomes, mas agora em outubro vou ficar de olho nas pesquisas‚Ä¶ pela primeira vez cogito votar em Lula pra n√£o correr o risco de Bolsonaro ganhar pro primeiro turno.",Ciro Gomes
2022-07-31 21:57:51+00:00,1553862529276956679,@cirogomes @CartunistaT @gaiofact aten√ß√£o,Ciro Gomes
2022-07-31 21:57:44+00:00,1553862499954528257,"@rital1n0 @Vana_FN @itjoelrs @cirogomes @CartunistaT Onde vc estava na elei√ß√£o passada? Em Marte? Quem elegeu o Bozo foi o antipetismo! Mesmo que o Ciro subisse no palanque com o poste e aquela cambada, o PT n√£o ganharia. √â s√≥ somar os votos. Matem√°tica simples! Mas algu√©m tem que ser o bode expiat√≥rio, n√©? Ciro fez muito bem!!!",Ciro Gomes
2022-07-31 21:57:34+00:00,1553862460402196482,@cirogomes kkkk,Ciro Gomes
2022-07-31 21:57:32+00:00,1553862450545573891,"@cirogomes @CartunistaT √â o mestre dos magos mesmo, quando precisam realmente dele ele some hahahah geralmente para Paris",Ciro Gomes
2022-07-31 21:57:23+00:00,1553862412717146113,"@teixeira_aulus @ROBERTOALVESME2 @vinimaxreal @cirogomes Acorda p vida vc, vcs n vao tirar nd, o cara tem apoio popular, o Ciro n√£o vai pro segunto turno nem aqui nem em Paris üòì",Ciro Gomes
2022-07-31 21:57:12+00:00,1553862367422865408,@cirogomes @CartunistaT O Haddad √© o Hank‚ù§ O mais bonito competente. √â f√£ ou hater???????,Ciro Gomes
2022-07-31 21:57:05+00:00,1553862340101152768,@cirogomes @CartunistaT @pamagarinos ü§£ü§£ü§£,Ciro Gomes
2022-07-31 21:57:04+00:00,1553862334338195461,"@cvietra @cirogomes @CartunistaT Vc √© cego? T√° precisando de √≥culos?
Onde t√° vendo Ciro a√≠, coisinha?

Ah, √© s√≥ um bot insignificante.
Precisando inventar, n√©? √â a tr√°gica sina dos adoradores do lular√°pio.
Nunca vai sair disso. https://t.co/NQkSoCFTVB",Ciro Gomes
2022-07-31 21:57:02+00:00,1553862323982536704,@marivalentimdf @cirogomes Ana Am√©lia,Ciro Gomes
2022-07-31 21:57:01+00:00,1553862323504291840,@rital1n0 @Mindful2022 @hugossouto @cirogomes @CartunistaT Vai obrigar Lula a debater e derrotar ele. #PrefiroCiro,Ciro Gomes
2022-07-31 21:56:57+00:00,1553862302784520201,"@EleitorQ @zunaras @cirogomes @jairbolsonaro @LulaOficial Muito boa a cria√ß√£o, mas d√° medo.ü•¥",Ciro Gomes
2022-07-31 21:56:29+00:00,1553862189089529859,@pauloboldrin @cirogomes S√©rio q o Daciollo t√° no pareo?,Ciro Gomes
2022-07-31 21:56:23+00:00,1553862163936284688,"@Mindful2022 @hugossouto @cirogomes @CartunistaT mano, o cara fugiu de sua responsabilidade EM UMA ELEI√á√ÉO EM CURSO CONTRA UM FASCISTA. n√£o √© poss√≠vel q vc ache isso ok, cara.",Ciro Gomes
2022-07-31 21:56:23+00:00,1553862163105824768,"@gomyde @cirogomes O Bravateiro e mentiroso do Ciroquio n√£o desiste mesmo‚Ä¶

https://t.co/cXQbBmKh77",Ciro Gomes
2022-07-31 21:56:12+00:00,1553862115336900608,"@cirogomes @CartunistaT Tomara que quando voltar a TV globinho coloquem o desenho Caverna do Drag√£o, pois tenho certeza que vcs nunca assistiram",Ciro Gomes
2022-07-31 21:55:58+00:00,1553862058592145409,@cirogomes @GloboNews Tenho mais o que fazer.,Ciro Gomes
2022-07-31 21:55:56+00:00,1553862049213648902,@LeoGona20494093 @cirogomes Ela confirmou sua candidatura a deputada Federal...complicou tudo.,Ciro Gomes
2022-07-31 21:55:56+00:00,1553862048794255360,@cirogomes @CartunistaT Carai qu√™ coisa tosca pqp,Ciro Gomes
2022-07-31 21:55:56+00:00,1553862048735453186,@brainletbr WTF??????? Ancap servidor publico? Eleitor do ciro gomes? Ciro gomes libert√°rio? kkkkkkkkkkkkkkkkkkkkkkkkkkkkkkkkkkkkkkkkkkkkkkkkkkkkkkkkkkkkkkkkk,Ciro Gomes
2022-07-31 21:55:51+00:00,1553862029320114177,@freitasarthur1_ @EleitorQ @cirogomes @jairbolsonaro @LulaOficial cu https://t.co/N1BsQzRLA5,Ciro Gomes
2022-07-31 21:55:48+00:00,1553862015856386051,@marivalentimdf @cirogomes A vice pode ser do PSD Maria Am√©lia.,Ciro Gomes
2022-07-31 21:55:32+00:00,1553861947724013568,@cirogomes @CartunistaT Pelo amor em Ciro ... Tem que demitir essa assessoria a√≠!!,Ciro Gomes
2022-07-31 21:55:26+00:00,1553861922210168833,"@yupira2 @ROBERTOALVESME2 @vinimaxreal @cirogomes Ajudar o cara que criou o Bolsonaro a ganhar no primeiro turno pra que?

N√≥s queremos tirar Bolsonaro do segundo turno e obrigar esse inescrupuloso do Lula a debater o pa√≠s e responder suas contradi√ß√µes.

Acorda pra vida! Lula √© parte do problema!",Ciro Gomes
2022-07-31 21:55:19+00:00,1553861893823029248,"@cirogomes @CartunistaT Se algu√©m lhe perguntar o que √© cringe, mostre esse v√≠deo.",Ciro Gomes
2022-07-31 21:55:11+00:00,1553861860461613056,"@faornelas @Mindful2022 @hugossouto @cirogomes @CartunistaT nossa, parab√©ns. quero ver o q ele vai fazer qdo chegar o segundo turno",Ciro Gomes
2022-07-31 21:55:09+00:00,1553861850101579779,@Mindful2022 @rital1n0 @hugossouto @cirogomes @CartunistaT Empalou o petisco! Kkkkk,Ciro Gomes
2022-07-31 21:55:07+00:00,1553861841700683776,"@kimpaim Ciro Nogueira em conven√ß√£o do PDT?
Com cartaz do Ciro Gomes?

Explica a√≠, orelhudo! https://t.co/k6yDPxcri3",Ciro Gomes
2022-07-31 21:55:03+00:00,1553861824667344906,@cirogomes @CartunistaT Totalmente perdido,Ciro Gomes
2022-07-31 21:54:37+00:00,1553861717918187521,@emirsader Calma l√°! Existem nomes melhores para presidente! @simonetebetbr @cirogomes @AndreJanonesAdv...,Ciro Gomes
